# WEATHER
## 
### 
I'' a i r MowUy
a n <1 Tuesday;
high Monday <>•">
to 70; low Mon
day niuhl 'M to
44.

I'' a i r MowUy
a n <1 Tuesday;
high Monday <>•">
to 70; low Mon
day niuhl 'M to
44.

I'' a i r MowUy
a n <1 Tuesday;
high Monday <>•">
to 70; low Mon
day niuhl 'M to
44.

I'' a i r MowUy
a n <1 Tuesday;
high Monday <>•">
to 70; low Mon
day niuhl 'M to
44.

I'' a i r MowUy
a n <1 Tuesday;
high Monday <>•">
to 70; low Mon
day niuhl 'M to
44.

I'' a i r MowUy
a n <1 Tuesday;
high Monday <>•">
to 70; low Mon
day niuhl 'M to
44.

I'' a i r MowUy
a n <1 Tuesday;
high Monday <>•">
to 70; low Mon
day niuhl 'M to
44.

I'' a i r MowUy
a n <1 Tuesday;
high Monday <>•">
to 70; low Mon
day niuhl 'M to
44.

I'' a i r MowUy
a n <1 Tuesday;
high Monday <>•">
to 70; low Mon
day niuhl 'M to
44.

I'' a i r MowUy
a n <1 Tuesday;
high Monday <>•">
to 70; low Mon
day niuhl 'M to
44.

I'' a i r MowUy
a n <1 Tuesday;
high Monday <>•">
to 70; low Mon
day niuhl 'M to
44.

I'' a i r MowUy
a n <1 Tuesday;
high Monday <>•">
to 70; low Mon
day niuhl 'M to
44.

I'' a i r MowUy
a n <1 Tuesday;
high Monday <>•">
to 70; low Mon
day niuhl 'M to
44.

I'' a i r MowUy
a n <1 Tuesday;
high Monday <>•">
to 70; low Mon
day niuhl 'M to
44.

I'' a i r MowUy
a n <1 Tuesday;
high Monday <>•">
to 70; low Mon
day niuhl 'M to
44.

I'' a i r MowUy
a n <1 Tuesday;
high Monday <>•">
to 70; low Mon
day niuhl 'M to
44.

I'' a i r MowUy
a n <1 Tuesday;
high Monday <>•">
to 70; low Mon
day niuhl 'M to
44.

