# Adv. 57 Page 17
## 
### 
nPTTV/TTP Q (week of 11/13 thru 11/19/92)
OIIV-F W 1 ±IVLHI O SHOWS START FRIDAY
nPTTV/TTP Q (week of 11/13 thru 11/19/92)
OIIV-F W 1 ±IVLHI O SHOWS START FRIDAY
nPTTV/TTP Q (week of 11/13 thru 11/19/92)
OIIV-F W 1 ±IVLHI O SHOWS START FRIDAY
nPTTV/TTP Q (week of 11/13 thru 11/19/92)
OIIV-F W 1 ±IVLHI O SHOWS START FRIDAY
nPTTV/TTP Q (week of 11/13 thru 11/19/92)
OIIV-F W 1 ±IVLHI O SHOWS START FRIDAY
nPTTV/TTP Q (week of 11/13 thru 11/19/92)
OIIV-F W 1 ±IVLHI O SHOWS START FRIDAY
nPTTV/TTP Q (week of 11/13 thru 11/19/92)
OIIV-F W 1 ±IVLHI O SHOWS START FRIDAY
nPTTV/TTP Q (week of 11/13 thru 11/19/92)
OIIV-F W 1 ±IVLHI O SHOWS START FRIDAY
