# Adv. 89 Page 32
## 
### 
127 Town & Country Village
Palo Alto, CA 94301 •321-7500
7 days a week ijjl I |IH I
127 Town & Country Village
Palo Alto, CA 94301 •321-7500
7 days a week ijjl I |IH I
127 Town & Country Village
Palo Alto, CA 94301 •321-7500
7 days a week ijjl I |IH I
127 Town & Country Village
Palo Alto, CA 94301 •321-7500
7 days a week ijjl I |IH I
127 Town & Country Village
Palo Alto, CA 94301 •321-7500
7 days a week ijjl I |IH I
127 Town & Country Village
Palo Alto, CA 94301 •321-7500
7 days a week ijjl I |IH I
127 Town & Country Village
Palo Alto, CA 94301 •321-7500
7 days a week ijjl I |IH I
