# Adv. 36 Page 10
## 
### 
127 Town A Country Village
Palo Alto, CA 94301 • 321-7500
7 days a week HHm*TjyQ2J^U
127 Town A Country Village
Palo Alto, CA 94301 • 321-7500
7 days a week HHm*TjyQ2J^U
127 Town A Country Village
Palo Alto, CA 94301 • 321-7500
7 days a week HHm*TjyQ2J^U
127 Town A Country Village
Palo Alto, CA 94301 • 321-7500
7 days a week HHm*TjyQ2J^U
127 Town A Country Village
Palo Alto, CA 94301 • 321-7500
7 days a week HHm*TjyQ2J^U
127 Town A Country Village
Palo Alto, CA 94301 • 321-7500
7 days a week HHm*TjyQ2J^U
127 Town A Country Village
Palo Alto, CA 94301 • 321-7500
7 days a week HHm*TjyQ2J^U
