# Adv. 15 Page 5
## 
### 
I PALO ALTO
TOWN & COUNTRY ■
VILLAGE
(behind Stickneys)
Daily 8-6 Sat. 9-3
321-8171 I
I PALO ALTO
TOWN & COUNTRY ■
VILLAGE
(behind Stickneys)
Daily 8-6 Sat. 9-3
321-8171 I
I PALO ALTO
TOWN & COUNTRY ■
VILLAGE
(behind Stickneys)
Daily 8-6 Sat. 9-3
321-8171 I
I PALO ALTO
TOWN & COUNTRY ■
VILLAGE
(behind Stickneys)
Daily 8-6 Sat. 9-3
321-8171 I
I PALO ALTO
TOWN & COUNTRY ■
VILLAGE
(behind Stickneys)
Daily 8-6 Sat. 9-3
321-8171 I
I PALO ALTO
TOWN & COUNTRY ■
VILLAGE
(behind Stickneys)
Daily 8-6 Sat. 9-3
321-8171 I
I PALO ALTO
TOWN & COUNTRY ■
VILLAGE
(behind Stickneys)
Daily 8-6 Sat. 9-3
321-8171 I
I PALO ALTO
TOWN & COUNTRY ■
VILLAGE
(behind Stickneys)
Daily 8-6 Sat. 9-3
321-8171 I
