# Earth Day 1990
## 
### 
Sunday, April 22 • Stanford University ana San Francisco, California

Photography by
Chris Eisenberg
and Damian Marhefka









Sunday, April 22 • Stanford University ana San Francisco, California

Photography by
Chris Eisenberg
and Damian Marhefka









Sunday, April 22 • Stanford University ana San Francisco, California

Photography by
Chris Eisenberg
and Damian Marhefka









Sunday, April 22 • Stanford University ana San Francisco, California

Photography by
Chris Eisenberg
and Damian Marhefka









Sunday, April 22 • Stanford University ana San Francisco, California

Photography by
Chris Eisenberg
and Damian Marhefka









Sunday, April 22 • Stanford University ana San Francisco, California

Photography by
Chris Eisenberg
and Damian Marhefka









Sunday, April 22 • Stanford University ana San Francisco, California

Photography by
Chris Eisenberg
and Damian Marhefka









