# Adv. 63 Page 16
## 
### 
Friday 4/06/01 to THURSDAY 4/10/01 SHOW TIMES £L. Shows Start Wednesda
Friday 4/06/01 to THURSDAY 4/10/01 SHOW TIMES £L. Shows Start Wednesda
Friday 4/06/01 to THURSDAY 4/10/01 SHOW TIMES £L. Shows Start Wednesda
Friday 4/06/01 to THURSDAY 4/10/01 SHOW TIMES £L. Shows Start Wednesda
Friday 4/06/01 to THURSDAY 4/10/01 SHOW TIMES £L. Shows Start Wednesda
Friday 4/06/01 to THURSDAY 4/10/01 SHOW TIMES £L. Shows Start Wednesda
Friday 4/06/01 to THURSDAY 4/10/01 SHOW TIMES £L. Shows Start Wednesda
