# Adv. 55 Page 16
## 
### 
PALO ALTO
■ TOWN & COUNTRY
VILLAGE
(behind Stickneys)
I , Daily 8-6 Sat. 9-3 I
vQ\ 321-8171 |
PALO ALTO
■ TOWN & COUNTRY
VILLAGE
(behind Stickneys)
I , Daily 8-6 Sat. 9-3 I
vQ\ 321-8171 |
PALO ALTO
■ TOWN & COUNTRY
VILLAGE
(behind Stickneys)
I , Daily 8-6 Sat. 9-3 I
vQ\ 321-8171 |
PALO ALTO
■ TOWN & COUNTRY
VILLAGE
(behind Stickneys)
I , Daily 8-6 Sat. 9-3 I
vQ\ 321-8171 |
PALO ALTO
■ TOWN & COUNTRY
VILLAGE
(behind Stickneys)
I , Daily 8-6 Sat. 9-3 I
vQ\ 321-8171 |
PALO ALTO
■ TOWN & COUNTRY
VILLAGE
(behind Stickneys)
I , Daily 8-6 Sat. 9-3 I
vQ\ 321-8171 |
PALO ALTO
■ TOWN & COUNTRY
VILLAGE
(behind Stickneys)
I , Daily 8-6 Sat. 9-3 I
vQ\ 321-8171 |
